"TVE","Tennessee Valley Authority","24.7","0","n/a","n/a","Public Utilities","Electric Utilities: Central","http://www.nasdaq.com/symbol/tve",
"GLBL","TerraForm Global, Inc.","4","698199016","n/a","2015","Public Utilities","Electric Utilities: Central","http://www.nasdaq.com/symbol/glbl",
"TERP","TerraForm Power, Inc.","12.89","1798819775.97","n/a","2014","Public Utilities","Electric Utilities: Central","http://www.nasdaq.com/symbol/terp",
"YORW","The York Water Company","38.3","491822479.4","n/a","n/a","Public Utilities","Water Supply","http://www.nasdaq.com/symbol/yorw",
"TSU","TIM Participacoes S.A.","12.3","5955739888.5","n/a","n/a","Public Utilities","Telecommunications Equipment","http://www.nasdaq.com/symbol/tsu",
"TMUS","T-Mobile US, Inc.","58.32","48056579819.28","n/a","n/a","Public Utilities","Telecommunications Equipment","http://www.nasdaq.com/symbol/tmus",
"TMUSP","T-Mobile US, Inc.","95.57","0","n/a","n/a","Public Utilities","Telecommunications Equipment","http://www.nasdaq.com/symbol/tmusp",
"TAC","TransAlta Corporation","5.5","1583469068.5","n/a","n/a","Public Utilities","Electric Utilities: Central","http://www.nasdaq.com/symbol/tac",
"TRP","TransCanada Corporation","45.12","38970066168","n/a","n/a","Public Utilities","Natural Gas Distribution","http://www.nasdaq.com/symbol/trp",
"TGS","Transportadora De Gas Sa Ord B","9.62","1528608918.72","n/a","n/a","Public Utilities","Natural Gas Distribution","http://www.nasdaq.com/symbol/tgs",
"TKC","Turkcell Iletisim Hizmetleri AS","6.67","5869600000","n/a","n/a","Public Utilities","Telecommunications Equipment","http://www.nasdaq.com/symbol/tkc",
"HTM","U.S. Geothermal Inc.","3.99","75344498.67","n/a","n/a","Public Utilities","Electric Utilities: Central","http://www.nasdaq.com/symbol/htm",
"UGI","UGI Corporation","45.86","7933028996.64","n/a","n/a","Public Utilities","Natural Gas Distribution","http://www.nasdaq.com/symbol/ugi",
"UGP","Ultrapar Participacoes S.A.","21.12","11751275627.52","n/a","n/a","Public Utilities","Oil/Gas Transmission","http://www.nasdaq.com/symbol/ugp",
"USM","United States Cellular Corporation","45.67","3873642718.34","n/a","1988","Public Utilities","Telecommunications Equipment","http://www.nasdaq.com/symbol/usm",
"UZA","United States Cellular Corporation","25.26","0","n/a","n/a","Public Utilities","Telecommunications Equipment","http://www.nasdaq.com/symbol/uza",
"UZB","United States Cellular Corporation","25.6999","0","n/a","2014","Public Utilities","Telecommunications Equipment","http://www.nasdaq.com/symbol/uzb",
"UZC","United States Cellular Corporation","25.64","0","n/a","2015","Public Utilities","Telecommunications Equipment","http://www.nasdaq.com/symbol/uzc",
"UTL","UNITIL Corporation","45.72","642845602.8","n/a","n/a","Public Utilities","Power Generation","http://www.nasdaq.com/symbol/utl",
"ECOL","US Ecology, Inc.","49.25","1072651013","n/a","n/a","Public Utilities","Environmental Services","http://www.nasdaq.com/symbol/ecol",
"USAC","USA Compression Partners, LP","17.41","1211086572.18","n/a","2013","Public Utilities","Natural Gas Distribution","http://www.nasdaq.com/symbol/usac",
"VVC","Vectren Corporation","51.72","4285939114.68","n/a","n/a","Public Utilities","Natural Gas Distribution","http://www.nasdaq.com/symbol/vvc",
"VZ","Verizon Communications Inc.","54.58","222502681100.16","n/a","n/a","Public Utilities","Telecommunications Equipment","http://www.nasdaq.com/symbol/vz",
"VZA","Verizon Communications Inc.","26.08","0","n/a","2014","Public Utilities","Telecommunications Equipment","http://www.nasdaq.com/symbol/vza",
"VIP","VimpelCom Ltd.","3.95","5293107815.25","1340027295","n/a","Public Utilities","Telecommunications Equipment","http://www.nasdaq.com/symbol/vip",
"VOD","Vodafone Group Plc","24.96","10736070733.44","430131039","n/a","Public Utilities","Telecommunications Equipment","http://www.nasdaq.com/symbol/vod",
"VG","Vonage Holdings Corp.","7.25","1580190599","n/a","2006","Public Utilities","Telecommunications Equipment","http://www.nasdaq.com/symbol/vg",
"WCN","Waste Connections, Inc.","78.83","13828896535.92","n/a","n/a","Public Utilities","Environmental Services","http://www.nasdaq.com/symbol/wcn",
"WM","Waste Management, Inc.","70.52","31170057624.72","n/a","n/a","Public Utilities","Environmental Services","http://www.nasdaq.com/symbol/wm",
"WEC","WEC Energy Group, Inc.","58.49","18460455818.51","n/a","n/a","Public Utilities","Power Generation","http://www.nasdaq.com/symbol/wec",
"WR","Westar Energy, Inc.","56.2","7968373874.4","n/a","n/a","Public Utilities","Power Generation","http://www.nasdaq.com/symbol/wr",
"WSTL","Westell Technologies, Inc.","0.6302","38856055.491","n/a","1995","Public Utilities","Telecommunications Equipment","http://www.nasdaq.com/symbol/wstl",
"WGP","Western Gas Equity Partners, LP","43.96","9623824439.88","n/a","2012","Public Utilities","Natural Gas Distribution","http://www.nasdaq.com/symbol/wgp",
"WES","Western Gas Partners, LP","60.4","8627076597.6","n/a","2008","Public Utilities","Natural Gas Distribution","http://www.nasdaq.com/symbol/wes",
"WGL","WGL Holdings Inc","75.88","3885841585.64","n/a","n/a","Public Utilities","Oil/Gas Transmission","http://www.nasdaq.com/symbol/wgl",
"WMB","Williams Companies, Inc. (The)","31.46","23621343377.06","n/a","n/a","Public Utilities","Natural Gas Distribution","http://www.nasdaq.com/symbol/wmb",
"WPZ","Williams Partners LP","38.38","23497449844.26","n/a","n/a","Public Utilities","Natural Gas Distribution","http://www.nasdaq.com/symbol/wpz",
"WIN","Windstream Holdings, Inc.","7.82","751616586.46","n/a","n/a","Public Utilities","Telecommunications Equipment","http://www.nasdaq.com/symbol/win",
"XEL","Xcel Energy Inc.","40.62","20633042532.9","n/a","n/a","Public Utilities","Power Generation","http://www.nasdaq.com/symbol/xel",
"ZAYO","Zayo Group Holdings, Inc.","33.54","8154228298.32","n/a","2014","Public Utilities","Telecommunications Equipment","http://www.nasdaq.com/symbol/zayo",
